resort,date,entities,scheduled
DLR,2026-10-01,150,129
DLR,2026-10-02,150,129
DLR,2026-10-03,150,129
DLR,2026-10-04,150,129
DLR,2026-10-05,150,128
DLR,2026-10-06,150,127
DLR,2026-10-07,150,128
DLR,2026-10-08,150,128
DLR,2026-10-09,150,128
DLR,2026-10-10,150,128
DLR,2026-10-11,150,128
DLR,2026-10-12,150,128
DLR,2026-10-13,150,128
DLR,2026-10-14,150,128
DLR,2026-10-15,150,128
DLR,2026-10-16,150,128
DLR,2026-10-17,150,128
DLR,2026-10-18,150,123
DLR,2026-10-19,150,123
DLR,2026-10-20,150,123
DLR,2026-10-21,150,124
DLR,2026-10-22,150,124
DLR,2026-10-23,150,123
DLR,2026-10-24,150,123
DLR,2026-10-25,150,123
DLR,2026-10-26,150,123
DLR,2026-10-27,150,123
DLR,2026-10-28,150,124
DLR,2026-10-29,150,124
DLR,2026-10-30,150,123
WDW,2026-10-01,286,226
WDW,2026-10-02,286,228
WDW,2026-10-03,286,226
WDW,2026-10-04,286,219
WDW,2026-10-05,286,218
WDW,2026-10-06,286,219
WDW,2026-10-07,286,216
WDW,2026-10-08,286,219
WDW,2026-10-09,286,221
WDW,2026-10-10,286,219
WDW,2026-10-11,286,217
WDW,2026-10-12,286,218
WDW,2026-10-13,286,219
WDW,2026-10-14,286,216
WDW,2026-10-15,286,219
WDW,2026-10-16,286,221
WDW,2026-10-17,286,219
WDW,2026-10-18,286,219
WDW,2026-10-19,286,218
WDW,2026-10-20,286,214
WDW,2026-10-21,286,216
WDW,2026-10-22,286,219
WDW,2026-10-23,286,221
WDW,2026-10-24,286,219
WDW,2026-10-25,286,219
WDW,2026-10-26,286,218
WDW,2026-10-27,286,218
WDW,2026-10-28,286,214
WDW,2026-10-29,286,217
WDW,2026-10-30,286,217
